date,devise,taux
2025-12-31,GBP,0.8528
2026-01-02,GBP,0.8537
2026-01-05,GBP,0.8545
2026-01-06,GBP,0.8559
2026-01-07,GBP,0.8568
2026-01-08,GBP,0.8578
2026-01-09,GBP,0.8586
2026-01-12,GBP,0.8598
2026-01-13,GBP,0.8604
2026-01-14,GBP,0.8611
2026-01-15,GBP,0.8616
2026-01-16,GBP,0.8622
2026-01-19,GBP,0.8627
2026-01-20,GBP,0.8635
2026-01-21,GBP,0.8638
2026-01-22,GBP,0.8637
2026-01-23,GBP,0.8639
2026-01-26,GBP,0.8642
2026-01-27,GBP,0.8645
2026-01-28,GBP,0.8644
2026-01-29,GBP,0.8639
2026-01-30,GBP,0.8632
2026-02-02,GBP,0.8622
2026-02-03,GBP,0.8613
2026-02-04,GBP,0.8607
2026-02-05,GBP,0.8598
2026-02-06,GBP,0.8589
2026-02-09,GBP,0.8585
2026-02-10,GBP,0.8577
2026-02-11,GBP,0.8569
2026-02-12,GBP,0.8559
2026-02-13,GBP,0.855
2026-02-16,GBP,0.8542
2026-02-17,GBP,0.8533
2026-02-18,GBP,0.8527
2026-02-19,GBP,0.8517
2026-02-20,GBP,0.8512
2026-02-23,GBP,0.8509
2026-02-24,GBP,0.8506
2026-02-25,GBP,0.8504
2026-02-26,GBP,0.8504
2026-02-27,GBP,0.8504
2026-03-02,GBP,0.85
2026-03-03,GBP,0.8498
2026-03-04,GBP,0.8504
2026-03-05,GBP,0.8508
2026-03-06,GBP,0.8511
2026-03-09,GBP,0.8518
2026-03-10,GBP,0.853
2026-03-11,GBP,0.8537
2026-03-12,GBP,0.8545
2026-03-13,GBP,0.8552
2026-03-16,GBP,0.8564
2026-03-17,GBP,0.8578
2026-03-18,GBP,0.8589
2026-03-19,GBP,0.8601
2026-03-20,GBP,0.8617
2026-03-23,GBP,0.8632
2026-03-24,GBP,0.8643
2026-03-25,GBP,0.8657
2026-03-26,GBP,0.8666
2026-03-27,GBP,0.8676
2026-03-30,GBP,0.8685
2026-03-31,GBP,0.8696
2026-04-01,GBP,0.871
2026-04-02,GBP,0.8714
2026-04-07,GBP,0.8722
2026-04-08,GBP,0.8735
2026-04-09,GBP,0.8739
2026-04-10,GBP,0.8743
2026-04-13,GBP,0.8744
2026-04-14,GBP,0.8749
2026-04-15,GBP,0.8748
2026-04-16,GBP,0.8746
2026-04-17,GBP,0.8743
2026-04-20,GBP,0.8736
2026-04-21,GBP,0.8731
2026-04-22,GBP,0.8722
2026-04-23,GBP,0.8712
2026-04-24,GBP,0.8703
2026-04-27,GBP,0.8695
2026-04-28,GBP,0.8681
2026-04-29,GBP,0.8671
2026-04-30,GBP,0.8659
2026-05-04,GBP,0.8646
2026-05-05,GBP,0.8633
2026-05-06,GBP,0.8625
2026-05-07,GBP,0.8613
2026-05-08,GBP,0.86
2026-05-11,GBP,0.8588
2026-05-12,GBP,0.8576
2026-05-13,GBP,0.8564
2026-05-14,GBP,0.8553
2026-05-15,GBP,0.854
2026-05-18,GBP,0.8532
2026-05-19,GBP,0.8524
2026-05-20,GBP,0.8516
2026-05-21,GBP,0.8511
2026-05-22,GBP,0.8506
2026-05-25,GBP,0.8506
2026-05-26,GBP,0.8504
2026-05-27,GBP,0.8503
2026-05-28,GBP,0.8503
2026-05-29,GBP,0.8506
2026-06-01,GBP,0.8509
2026-06-02,GBP,0.8513
2026-06-03,GBP,0.8516
2026-06-04,GBP,0.8523
2026-06-05,GBP,0.8529
2026-06-08,GBP,0.8531
2026-06-09,GBP,0.8541
2026-06-10,GBP,0.8547
2026-06-11,GBP,0.8555
2026-06-12,GBP,0.8565
2026-06-15,GBP,0.8576
2026-06-16,GBP,0.8584
2026-06-17,GBP,0.8592
2026-06-18,GBP,0.8593
2026-06-19,GBP,0.8601
2026-06-22,GBP,0.8607
2026-06-23,GBP,0.861
2026-06-24,GBP,0.8613
2026-06-25,GBP,0.8617
2026-06-26,GBP,0.8624
2026-06-29,GBP,0.8626
2026-06-30,GBP,0.8627
2026-07-01,GBP,0.8627
2026-07-02,GBP,0.8626
2026-07-03,GBP,0.8627
2026-07-06,GBP,0.8622
2026-07-07,GBP,0.8619
2026-07-08,GBP,0.8612
2026-07-09,GBP,0.8607
2026-07-10,GBP,0.8599
2026-07-13,GBP,0.859
2026-07-14,GBP,0.858
2026-07-15,GBP,0.8571
2026-07-16,GBP,0.8563
2026-07-17,GBP,0.8551
2026-07-20,GBP,0.8539
2026-07-21,GBP,0.8527
2026-07-22,GBP,0.8515
2026-07-23,GBP,0.8503
2026-07-24,GBP,0.8491
2026-07-27,GBP,0.8481
2026-07-28,GBP,0.8469
2026-07-29,GBP,0.846
2026-07-30,GBP,0.8456
2026-07-31,GBP,0.8448
2026-08-03,GBP,0.8443
2026-08-04,GBP,0.8436
2026-08-05,GBP,0.8432
2026-08-06,GBP,0.8428
2026-08-07,GBP,0.8425
2026-08-10,GBP,0.8424
2026-08-11,GBP,0.8423
2026-08-12,GBP,0.8425
2026-08-13,GBP,0.8427
2026-08-14,GBP,0.8432
2026-08-17,GBP,0.8439
2026-08-18,GBP,0.8444
2026-08-19,GBP,0.8453
2026-08-20,GBP,0.8465
2026-08-21,GBP,0.8476
2026-08-24,GBP,0.8485
2026-08-25,GBP,0.8496
2026-08-26,GBP,0.8508
2026-08-27,GBP,0.852
2026-08-28,GBP,0.8533
2026-08-31,GBP,0.8544
2026-09-01,GBP,0.8557
